username,password_hash
lisa,c5f93ff05a0761951eb23a8b6579b8e338e99ed70a7adba172d7c28649f65d435295bbf88cc4d782bdb4d37307b1a54a9bcaa7a2c06d2e7cbf5e4b68403fe800
bob,f258012b89682f2abfc2dd54d5951ce3625288764c7017ccdc95e3d358e1fbce8539c05bbba7cf9cc20c77511ef895eba2205c60dbe20f831fa58907263b16c9
nelli,d9a5e7fdca07875df69da644f1c261d299eb97b00c5c123717476b1577c62372108c4183684691cda930e753678fa07d5195463931d8f2e06f83676ab1bfb6b4
david,53cea06df920f60c55e1b975fc0c8e69c2a53cc3742885a37727f13d8aed77d8c3c0311c6ea66a9ca226dc5215d5a8015ee356d39cd65a697fc785a2c50f098a
eve,f858e90507a9c5d8806cc8ad23ffd5536433c2914bcaf5bad1a82c52e5c9e9be819000424e9a009d00d7d726a84d9a04151b38d651d895cb014e98c05134397c
anna,1be35add9751d26ab2fcbd21c9791665e234662a882b9bb8b332a33f83faf33f3082ad72fa8d9469610c5be64a43ca3412ba211e256454bb5f55d0db52f82ea1
vova,a3c957da66347ebfdbbe2395a56a6c725fa17ab32690378656dafba47a8e827c712c0da825821aac4fc684066da2330b9416e09bb6df4a78e291fb3875437b3f
ivan,1490394f947db87a8d2a8ce4fe8eebeb9e6cf9c2fb55256b2ec2941059cd29974015292eb1e4c4e553c73bf824b291176d21f8a3144bc3f83e4762c5b944927b
sofi,206b477779b57be8eb6dbc7a363068c6ef56cadfa2175e366750a7cf0ea7b2f3e768fa7b1b98c2dc544bb437359d8433f61b149d29eb8bf4831eae8686e7f11e
